Workbook

Sheet Input Barang
A1: No | B1: Kode Barang | C1: Tanggal Masuk
A2: =IF(B2="","",ROW()-1) | C2: =IF(B2="","",IF(C2="",NOW(),C2))
A3: =IF(B3="","",ROW()-1) | C3: =IF(B3="","",IF(C3="",NOW(),C3))
A4: =IF(B4="","",ROW()-1) | C4: =IF(B4="","",IF(C4="",NOW(),C4))
A5: =IF(B5="","",ROW()-1) | C5: =IF(B5="","",IF(C5="",NOW(),C5))
A6: =IF(B6="","",ROW()-1) | C6: =IF(B6="","",IF(C6="",NOW(),C6))
A7: =IF(B7="","",ROW()-1) | C7: =IF(B7="","",IF(C7="",NOW(),C7))
A8: =IF(B8="","",ROW()-1) | C8: =IF(B8="","",IF(C8="",NOW(),C8))
A9: =IF(B9="","",ROW()-1) | C9: =IF(B9="","",IF(C9="",NOW(),C9))
A10: =IF(B10="","",ROW()-1) | C10: =IF(B10="","",IF(C10="",NOW(),C10))
A11: =IF(B11="","",ROW()-1) | C11: =IF(B11="","",IF(C11="",NOW(),C11))
A12: =IF(B12="","",ROW()-1) | C12: =IF(B12="","",IF(C12="",NOW(),C12))
A13: =IF(B13="","",ROW()-1) | C13: =IF(B13="","",IF(C13="",NOW(),C13))
... A1000: =IF(B1000="","",ROW()-1) | C1000: =IF(B1000="","",IF(C1000="",NOW(),C1000))

Sheet Output Agus
A1: No | B1: Kode Barang | C1: Tanggal Keluar
A2: =IF(B2="","",ROW()-1) | C2: =IF(B2="","",IF(C2="",NOW(),C2))
A3: =IF(B3="","",ROW()-1) | C3: =IF(B3="","",IF(C3="",NOW(),C3))
A4: =IF(B4="","",ROW()-1) | C4: =IF(B4="","",IF(C4="",NOW(),C4))
A5: =IF(B5="","",ROW()-1) | C5: =IF(B5="","",IF(C5="",NOW(),C5))
A6: =IF(B6="","",ROW()-1) | C6: =IF(B6="","",IF(C6="",NOW(),C6))
A7: =IF(B7="","",ROW()-1) | C7: =IF(B7="","",IF(C7="",NOW(),C7))
A8: =IF(B8="","",ROW()-1) | C8: =IF(B8="","",IF(C8="",NOW(),C8))
A9: =IF(B9="","",ROW()-1) | C9: =IF(B9="","",IF(C9="",NOW(),C9))
A10: =IF(B10="","",ROW()-1) | C10: =IF(B10="","",IF(C10="",NOW(),C10))
A11: =IF(B11="","",ROW()-1) | C11: =IF(B11="","",IF(C11="",NOW(),C11))
A12: =IF(B12="","",ROW()-1) | C12: =IF(B12="","",IF(C12="",NOW(),C12))
A13: =IF(B13="","",ROW()-1) | C13: =IF(B13="","",IF(C13="",NOW(),C13))
... A1000: =IF(B1000="","",ROW()-1) | C1000: =IF(B1000="","",IF(C1000="",NOW(),C1000))

Sheet Output Rexa
A1: No | B1: Kode Barang | C1: Tanggal Keluar
A2: =IF(B2="","",ROW()-1) | C2: =IF(B2="","",IF(C2="",NOW(),C2))
A3: =IF(B3="","",ROW()-1) | C3: =IF(B3="","",IF(C3="",NOW(),C3))
A4: =IF(B4="","",ROW()-1) | C4: =IF(B4="","",IF(C4="",NOW(),C4))
A5: =IF(B5="","",ROW()-1) | C5: =IF(B5="","",IF(C5="",NOW(),C5))
A6: =IF(B6="","",ROW()-1) | C6: =IF(B6="","",IF(C6="",NOW(),C6))
A7: =IF(B7="","",ROW()-1) | C7: =IF(B7="","",IF(C7="",NOW(),C7))
A8: =IF(B8="","",ROW()-1) | C8: =IF(B8="","",IF(C8="",NOW(),C8))
A9: =IF(B9="","",ROW()-1) | C9: =IF(B9="","",IF(C9="",NOW(),C9))
A10: =IF(B10="","",ROW()-1) | C10: =IF(B10="","",IF(C10="",NOW(),C10))
A11: =IF(B11="","",ROW()-1) | C11: =IF(B11="","",IF(C11="",NOW(),C11))
A12: =IF(B12="","",ROW()-1) | C12: =IF(B12="","",IF(C12="",NOW(),C12))
A13: =IF(B13="","",ROW()-1) | C13: =IF(B13="","",IF(C13="",NOW(),C13))
... A1000: =IF(B1000="","",ROW()-1) | C1000: =IF(B1000="","",IF(C1000="",NOW(),C1000))

Sheet Rekap
A1: REKAP KELUAR MASUK BARANG
A3: Keterangan | B3: Jumlah
A4: Total Barang Masuk (Input) | B4: =COUNTA('Input Barang'!B2:B1000)
A5: Total Keluar - Agus | B5: =COUNTA('Output Agus'!B2:B1000)
A6: Total Keluar - Rexa | B6: =COUNTA('Output Rexa'!B2:B1000)
A7: Total Keluar (Agus + Rexa) | B7: =B5+B6
A8: Sisa Stok (Input - Keluar) | B8: =B4-B7
A10: REKAP PER KODE BARANG
A11: Kode Barang | B11: Input | C11: Keluar Agus | D11: Keluar Rexa | E11: Sisa
A12: =IFERROR(INDEX('Input Barang'!$B$2:$B$1000,1),"") | B12: =IF(A12="","",COUNTIF('Input Barang'!$B$2:$B$1000,A12)) | C12: =IF(A12="","",COUNTIF('Output Agus'!$B$2:$B$1000,A12)) | D12: =IF(A12="","",COUNTIF('Output Rexa'!$B$2:$B$1000,A12)) | E12: =IF(A12="","",B12-C12-D12)
A13: =IFERROR(INDEX('Input Barang'!$B$2:$B$1000,2),"") | B13: =IF(A13="","",COUNTIF('Input Barang'!$B$2:$B$1000,A13)) | C13: =IF(A13="","",COUNTIF('Output Agus'!$B$2:$B$1000,A13)) | D13: =IF(A13="","",COUNTIF('Output Rexa'!$B$2:$B$1000,A13)) | E13: =IF(A13="","",B13-C13-D13)
A14: =IFERROR(INDEX('Input Barang'!$B$2:$B$1000,3),"") | B14: =IF(A14="","",COUNTIF('Input Barang'!$B$2:$B$1000,A14)) | C14: =IF(A14="","",COUNTIF('Output Agus'!$B$2:$B$1000,A14)) | D14: =IF(A14="","",COUNTIF('Output Rexa'!$B$2:$B$1000,A14)) | E14: =IF(A14="","",B14-C14-D14)
A15: =IFERROR(INDEX('Input Barang'!$B$2:$B$1000,4),"") | B15: =IF(A15="","",COUNTIF('Input Barang'!$B$2:$B$1000,A15)) | C15: =IF(A15="","",COUNTIF('Output Agus'!$B$2:$B$1000,A15)) | D15: =IF(A15="","",COUNTIF('Output Rexa'!$B$2:$B$1000,A15)) | E15: =IF(A15="","",B15-C15-D15)
A16: =IFERROR(INDEX('Input Barang'!$B$2:$B$1000,5),"") | B16: =IF(A16="","",COUNTIF('Input Barang'!$B$2:$B$1000,A16)) | C16: =IF(A16="","",COUNTIF('Output Agus'!$B$2:$B$1000,A16)) | D16: =IF(A16="","",COUNTIF('Output Rexa'!$B$2:$B$1000,A16)) | E16: =IF(A16="","",B16-C16-D16)
A17: =IFERROR(INDEX('Input Barang'!$B$2:$B$1000,6),"") | B17: =IF(A17="","",COUNTIF('Input Barang'!$B$2:$B$1000,A17)) | C17: =IF(A17="","",COUNTIF('Output Agus'!$B$2:$B$1000,A17)) | D17: =IF(A17="","",COUNTIF('Output Rexa'!$B$2:$B$1000,A17)) | E17: =IF(A17="","",B17-C17-D17)
A18: =IFERROR(INDEX('Input Barang'!$B$2:$B$1000,7),"") | B18: =IF(A18="","",COUNTIF('Input Barang'!$B$2:$B$1000,A18)) | C18: =IF(A18="","",COUNTIF('Output Agus'!$B$2:$B$1000,A18)) | D18: =IF(A18="","",COUNTIF('Output Rexa'!$B$2:$B$1000,A18)) | E18: =IF(A18="","",B18-C18-D18)
A19: =IFERROR(INDEX('Input Barang'!$B$2:$B$1000,8),"") | B19: =IF(A19="","",COUNTIF('Input Barang'!$B$2:$B$1000,A19)) | C19: =IF(A19="","",COUNTIF('Output Agus'!$B$2:$B$1000,A19)) | D19: =IF(A19="","",COUNTIF('Output Rexa'!$B$2:$B$1000,A19)) | E19: =IF(A19="","",B19-C19-D19)
A20: =IFERROR(INDEX('Input Barang'!$B$2:$B$1000,9),"") | B20: =IF(A20="","",COUNTIF('Input Barang'!$B$2:$B$1000,A20)) | C20: =IF(A20="","",COUNTIF('Output Agus'!$B$2:$B$1000,A20)) | D20: =IF(A20="","",COUNTIF('Output Rexa'!$B$2:$B$1000,A20)) | E20: =IF(A20="","",B20-C20-D20)
A21: =IFERROR(INDEX('Input Barang'!$B$2:$B$1000,10),"") | B21: =IF(A21="","",COUNTIF('Input Barang'!$B$2:$B$1000,A21)) | C21: =IF(A21="","",COUNTIF('Output Agus'!$B$2:$B$1000,A21)) | D21: =IF(A21="","",COUNTIF('Output Rexa'!$B$2:$B$1000,A21)) | E21: =IF(A21="","",B21-C21-D21)
A22: =IFERROR(INDEX('Input Barang'!$B$2:$B$1000,11),"") | B22: =IF(A22="","",COUNTIF('Input Barang'!$B$2:$B$1000,A22)) | C22: =IF(A22="","",COUNTIF('Output Agus'!$B$2:$B$1000,A22)) | D22: =IF(A22="","",COUNTIF('Output Rexa'!$B$2:$B$1000,A22)) | E22: =IF(A22="","",B22-C22-D22)
A23: =IFERROR(INDEX('Input Barang'!$B$2:$B$1000,12),"") | B23: =IF(A23="","",COUNTIF('Input Barang'!$B$2:$B$1000,A23)) | C23: =IF(A23="","",COUNTIF('Output Agus'!$B$2:$B$1000,A23)) | D23: =IF(A23="","",COUNTIF('Output Rexa'!$B$2:$B$1000,A23)) | E23: =IF(A23="","",B23-C23-D23)
A24: =IFERROR(INDEX('Input Barang'!$B$2:$B$1000,13),"") | B24: =IF(A24="","",COUNTIF('Input Barang'!$B$2:$B$1000,A24)) | C24: =IF(A24="","",COUNTIF('Output Agus'!$B$2:$B$1000,A24)) | D24: =IF(A24="","",COUNTIF('Output Rexa'!$B$2:$B$1000,A24)) | E24: =IF(A24="","",B24-C24-D24)
A25: =IFERROR(INDEX('Input Barang'!$B$2:$B$1000,14),"") | B25: =IF(A25="","",COUNTIF('Input Barang'!$B$2:$B$1000,A25)) | C25: =IF(A25="","",COUNTIF('Output Agus'!$B$2:$B$1000,A25)) | D25: =IF(A25="","",COUNTIF('Output Rexa'!$B$2:$B$1000,A25)) | E25: =IF(A25="","",B25-C25-D25)
A26: =IFERROR(INDEX('Input Barang'!$B$2:$B$1000,15),"") | B26: =IF(A26="","",COUNTIF('Input Barang'!$B$2:$B$1000,A26)) | C26: =IF(A26="","",COUNTIF('Output Agus'!$B$2:$B$1000,A26)) | D26: =IF(A26="","",COUNTIF('Output Rexa'!$B$2:$B$1000,A26)) | E26: =IF(A26="","",B26-C26-D26)
A27: =IFERROR(INDEX('Input Barang'!$B$2:$B$1000,16),"") | B27: =IF(A27="","",COUNTIF('Input Barang'!$B$2:$B$1000,A27)) | C27: =IF(A27="","",COUNTIF('Output Agus'!$B$2:$B$1000,A27)) | D27: =IF(A27="","",COUNTIF('Output Rexa'!$B$2:$B$1000,A27)) | E27: =IF(A27="","",B27-C27-D27)
A28: =IFERROR(INDEX('Input Barang'!$B$2:$B$1000,17),"") | B28: =IF(A28="","",COUNTIF('Input Barang'!$B$2:$B$1000,A28)) | C28: =IF(A28="","",COUNTIF('Output Agus'!$B$2:$B$1000,A28)) | D28: =IF(A28="","",COUNTIF('Output Rexa'!$B$2:$B$1000,A28)) | E28: =IF(A28="","",B28-C28-D28)
A29: =IFERROR(INDEX('Input Barang'!$B$2:$B$1000,18),"") | B29: =IF(A29="","",COUNTIF('Input Barang'!$B$2:$B$1000,A29)) | C29: =IF(A29="","",COUNTIF('Output Agus'!$B$2:$B$1000,A29)) | D29: =IF(A29="","",COUNTIF('Output Rexa'!$B$2:$B$1000,A29)) | E29: =IF(A29="","",B29-C29-D29)
A30: =IFERROR(INDEX('Input Barang'!$B$2:$B$1000,19),"") | B30: =IF(A30="","",COUNTIF('Input Barang'!$B$2:$B$1000,A30)) | C30: =IF(A30="","",COUNTIF('Output Agus'!$B$2:$B$1000,A30)) | D30: =IF(A30="","",COUNTIF('Output Rexa'!$B$2:$B$1000,A30)) | E30: =IF(A30="","",B30-C30-D30)
A31: =IFERROR(INDEX('Input Barang'!$B$2:$B$1000,20),"") | B31: =IF(A31="","",COUNTIF('Input Barang'!$B$2:$B$1000,A31)) | C31: =IF(A31="","",COUNTIF('Output Agus'!$B$2:$B$1000,A31)) | D31: =IF(A31="","",COUNTIF('Output Rexa'!$B$2:$B$1000,A31)) | E31: =IF(A31="","",B31-C31-D31)
A32: =IFERROR(INDEX('Input Barang'!$B$2:$B$1000,21),"") | B32: =IF(A32="","",COUNTIF('Input Barang'!$B$2:$B$1000,A32)) | C32: =IF(A32="","",COUNTIF('Output Agus'!$B$2:$B$1000,A32)) | D32: =IF(A32="","",COUNTIF('Output Rexa'!$B$2:$B$1000,A32)) | E32: =IF(A32="","",B32-C32-D32)
A33: =IFERROR(INDEX('Input Barang'!$B$2:$B$1000,22),"") | B33: =IF(A33="","",COUNTIF('Input Barang'!$B$2:$B$1000,A33)) | C33: =IF(A33="","",COUNTIF('Output Agus'!$B$2:$B$1000,A33)) | D33: =IF(A33="","",COUNTIF('Output Rexa'!$B$2:$B$1000,A33)) | E33: =IF(A33="","",B33-C33-D33)
A34: =IFERROR(INDEX('Input Barang'!$B$2:$B$1000,23),"") | B34: =IF(A34="","",COUNTIF('Input Barang'!$B$2:$B$1000,A34)) | C34: =IF(A34="","",COUNTIF('Output Agus'!$B$2:$B$1000,A34)) | D34: =IF(A34="","",COUNTIF('Output Rexa'!$B$2:$B$1000,A34)) | E34: =IF(A34="","",B34-C34-D34)
A35: =IFERROR(INDEX('Input Barang'!$B$2:$B$1000,24),"") | B35: =IF(A35="","",COUNTIF('Input Barang'!$B$2:$B$1000,A35)) | C35: =IF(A35="","",COUNTIF('Output Agus'!$B$2:$B$1000,A35)) | D35: =IF(A35="","",COUNTIF('Output Rexa'!$B$2:$B$1000,A35)) | E35: =IF(A35="","",B35-C35-D35)
A36: =IFERROR(INDEX('Input Barang'!$B$2:$B$1000,25),"") | B36: =IF(A36="","",COUNTIF('Input Barang'!$B$2:$B$1000,A36)) | C36: =IF(A36="","",COUNTIF('Output Agus'!$B$2:$B$1000,A36)) | D36: =IF(A36="","",COUNTIF('Output Rexa'!$B$2:$B$1000,A36)) | E36: =IF(A36="","",B36-C36-D36)
A37: =IFERROR(INDEX('Input Barang'!$B$2:$B$1000,26),"") | B37: =IF(A37="","",COUNTIF('Input Barang'!$B$2:$B$1000,A37)) | C37: =IF(A37="","",COUNTIF('Output Agus'!$B$2:$B$1000,A37)) | D37: =IF(A37="","",COUNTIF('Output Rexa'!$B$2:$B$1000,A37)) | E37: =IF(A37="","",B37-C37-D37)
A38: =IFERROR(INDEX('Input Barang'!$B$2:$B$1000,27),"") | B38: =IF(A38="","",COUNTIF('Input Barang'!$B$2:$B$1000,A38)) | C38: =IF(A38="","",COUNTIF('Output Agus'!$B$2:$B$1000,A38)) | D38: =IF(A38="","",COUNTIF('Output Rexa'!$B$2:$B$1000,A38)) | E38: =IF(A38="","",B38-C38-D38)
A39: =IFERROR(INDEX('Input Barang'!$B$2:$B$1000,28),"") | B39: =IF(A39="","",COUNTIF('Input Barang'!$B$2:$B$1000,A39)) | C39: =IF(A39="","",COUNTIF('Output Agus'!$B$2:$B$1000,A39)) | D39: =IF(A39="","",COUNTIF('Output Rexa'!$B$2:$B$1000,A39)) | E39: =IF(A39="","",B39-C39-D39)
A40: =IFERROR(INDEX('Input Barang'!$B$2:$B$1000,29),"") | B40: =IF(A40="","",COUNTIF('Input Barang'!$B$2:$B$1000,A40)) | C40: =IF(A40="","",COUNTIF('Output Agus'!$B$2:$B$1000,A40)) | D40: =IF(A40="","",COUNTIF('Output Rexa'!$B$2:$B$1000,A40)) | E40: =IF(A40="","",B40-C40-D40)
A41: =IFERROR(INDEX('Input Barang'!$B$2:$B$1000,30),"") | B41: =IF(A41="","",COUNTIF('Input Barang'!$B$2:$B$1000,A41)) | C41: =IF(A41="","",COUNTIF('Output Agus'!$B$2:$B$1000,A41)) | D41: =IF(A41="","",COUNTIF('Output Rexa'!$B$2:$B$1000,A41)) | E41: =IF(A41="","",B41-C41-D41)
A42: =IFERROR(INDEX('Input Barang'!$B$2:$B$1000,31),"") | B42: =IF(A42="","",COUNTIF('Input Barang'!$B$2:$B$1000,A42)) | C42: =IF(A42="","",COUNTIF('Output Agus'!$B$2:$B$1000,A42)) | D42: =IF(A42="","",COUNTIF('Output Rexa'!$B$2:$B$1000,A42)) | E42: =IF(A42="","",B42-C42-D42)
A43: =IFERROR(INDEX('Input Barang'!$B$2:$B$1000,32),"") | B43: =IF(A43="","",COUNTIF('Input Barang'!$B$2:$B$1000,A43)) | C43: =IF(A43="","",COUNTIF('Output Agus'!$B$2:$B$1000,A43)) | D43: =IF(A43="","",COUNTIF('Output Rexa'!$B$2:$B$1000,A43)) | E43: =IF(A43="","",B43-C43-D43)
A44: =IFERROR(INDEX('Input Barang'!$B$2:$B$1000,33),"") | B44: =IF(A44="","",COUNTIF('Input Barang'!$B$2:$B$1000,A44)) | C44: =IF(A44="","",COUNTIF('Output Agus'!$B$2:$B$1000,A44)) | D44: =IF(A44="","",COUNTIF('Output Rexa'!$B$2:$B$1000,A44)) | E44: =IF(A44="","",B44-C44-D44)
A45: =IFERROR(INDEX('Input Barang'!$B$2:$B$1000,34),"") | B45: =IF(A45="","",COUNTIF('Input Barang'!$B$2:$B$1000,A45)) | C45: =IF(A45="","",COUNTIF('Output Agus'!$B$2:$B$1000,A45)) | D45: =IF(A45="","",COUNTIF('Output Rexa'!$B$2:$B$1000,A45)) | E45: =IF(A45="","",B45-C45-D45)
A46: =IFERROR(INDEX('Input Barang'!$B$2:$B$1000,35),"") | B46: =IF(A46="","",COUNTIF('Input Barang'!$B$2:$B$1000,A46)) | C46: =IF(A46="","",COUNTIF('Output Agus'!$B$2:$B$1000,A46)) | D46: =IF(A46="","",COUNTIF('Output Rexa'!$B$2:$B$1000,A46)) | E46: =IF(A46="","",B46-C46-D46)
A47: =IFERROR(INDEX('Input Barang'!$B$2:$B$1000,36),"") | B47: =IF(A47="","",COUNTIF('Input Barang'!$B$2:$B$1000,A47)) | C47: =IF(A47="","",COUNTIF('Output Agus'!$B$2:$B$1000,A47)) | D47: =IF(A47="","",COUNTIF('Output Rexa'!$B$2:$B$1000,A47)) | E47: =IF(A47="","",B47-C47-D47)
A48: =IFERROR(INDEX('Input Barang'!$B$2:$B$1000,37),"") | B48: =IF(A48="","",COUNTIF('Input Barang'!$B$2:$B$1000,A48)) | C48: =IF(A48="","",COUNTIF('Output Agus'!$B$2:$B$1000,A48)) | D48: =IF(A48="","",COUNTIF('Output Rexa'!$B$2:$B$1000,A48)) | E48: =IF(A48="","",B48-C48-D48)
A49: =IFERROR(INDEX('Input Barang'!$B$2:$B$1000,38),"") | B49: =IF(A49="","",COUNTIF('Input Barang'!$B$2:$B$1000,A49)) | C49: =IF(A49="","",COUNTIF('Output Agus'!$B$2:$B$1000,A49)) | D49: =IF(A49="","",COUNTIF('Output Rexa'!$B$2:$B$1000,A49)) | E49: =IF(A49="","",B49-C49-D49)
A50: =IFERROR(INDEX('Input Barang'!$B$2:$B$1000,39),"") | B50: =IF(A50="","",COUNTIF('Input Barang'!$B$2:$B$1000,A50)) | C50: =IF(A50="","",COUNTIF('Output Agus'!$B$2:$B$1000,A50)) | D50: =IF(A50="","",COUNTIF('Output Rexa'!$B$2:$B$1000,A50)) | E50: =IF(A50="","",B50-C50-D50)
A51: =IFERROR(INDEX('Input Barang'!$B$2:$B$1000,40),"") | B51: =IF(A51="","",COUNTIF('Input Barang'!$B$2:$B$1000,A51)) | C51: =IF(A51="","",COUNTIF('Output Agus'!$B$2:$B$1000,A51)) | D51: =IF(A51="","",COUNTIF('Output Rexa'!$B$2:$B$1000,A51)) | E51: =IF(A51="","",B51-C51-D51)
A52: =IFERROR(INDEX('Input Barang'!$B$2:$B$1000,41),"") | B52: =IF(A52="","",COUNTIF('Input Barang'!$B$2:$B$1000,A52)) | C52: =IF(A52="","",COUNTIF('Output Agus'!$B$2:$B$1000,A52)) | D52: =IF(A52="","",COUNTIF('Output Rexa'!$B$2:$B$1000,A52)) | E52: =IF(A52="","",B52-C52-D52)
A53: =IFERROR(INDEX('Input Barang'!$B$2:$B$1000,42),"") | B53: =IF(A53="","",COUNTIF('Input Barang'!$B$2:$B$1000,A53)) | C53: =IF(A53="","",COUNTIF('Output Agus'!$B$2:$B$1000,A53)) | D53: =IF(A53="","",COUNTIF('Output Rexa'!$B$2:$B$1000,A53)) | E53: =IF(A53="","",B53-C53-D53)
A54: =IFERROR(INDEX('Input Barang'!$B$2:$B$1000,43),"") | B54: =IF(A54="","",COUNTIF('Input Barang'!$B$2:$B$1000,A54)) | C54: =IF(A54="","",COUNTIF('Output Agus'!$B$2:$B$1000,A54)) | D54: =IF(A54="","",COUNTIF('Output Rexa'!$B$2:$B$1000,A54)) | E54: =IF(A54="","",B54-C54-D54)
A55: =IFERROR(INDEX('Input Barang'!$B$2:$B$1000,44),"") | B55: =IF(A55="","",COUNTIF('Input Barang'!$B$2:$B$1000,A55)) | C55: =IF(A55="","",COUNTIF('Output Agus'!$B$2:$B$1000,A55)) | D55: =IF(A55="","",COUNTIF('Output Rexa'!$B$2:$B$1000,A55)) | E55: =IF(A55="","",B55-C55-D55)
A56: =IFERROR(INDEX('Input Barang'!$B$2:$B$1000,45),"") | B56: =IF(A56="","",COUNTIF('Input Barang'!$B$2:$B$1000,A56)) | C56: =IF(A56="","",COUNTIF('Output Agus'!$B$2:$B$1000,A56)) | D56: =IF(A56="","",COUNTIF('Output Rexa'!$B$2:$B$1000,A56)) | E56: =IF(A56="","",B56-C56-D56)
A57: =IFERROR(INDEX('Input Barang'!$B$2:$B$1000,46),"") | B57: =IF(A57="","",COUNTIF('Input Barang'!$B$2:$B$1000,A57)) | C57: =IF(A57="","",COUNTIF('Output Agus'!$B$2:$B$1000,A57)) | D57: =IF(A57="","",COUNTIF('Output Rexa'!$B$2:$B$1000,A57)) | E57: =IF(A57="","",B57-C57-D57)
A58: =IFERROR(INDEX('Input Barang'!$B$2:$B$1000,47),"") | B58: =IF(A58="","",COUNTIF('Input Barang'!$B$2:$B$1000,A58)) | C58: =IF(A58="","",COUNTIF('Output Agus'!$B$2:$B$1000,A58)) | D58: =IF(A58="","",COUNTIF('Output Rexa'!$B$2:$B$1000,A58)) | E58: =IF(A58="","",B58-C58-D58)
A59: =IFERROR(INDEX('Input Barang'!$B$2:$B$1000,48),"") | B59: =IF(A59="","",COUNTIF('Input Barang'!$B$2:$B$1000,A59)) | C59: =IF(A59="","",COUNTIF('Output Agus'!$B$2:$B$1000,A59)) | D59: =IF(A59="","",COUNTIF('Output Rexa'!$B$2:$B$1000,A59)) | E59: =IF(A59="","",B59-C59-D59)
A60: =IFERROR(INDEX('Input Barang'!$B$2:$B$1000,49),"") | B60: =IF(A60="","",COUNTIF('Input Barang'!$B$2:$B$1000,A60)) | C60: =IF(A60="","",COUNTIF('Output Agus'!$B$2:$B$1000,A60)) | D60: =IF(A60="","",COUNTIF('Output Rexa'!$B$2:$B$1000,A60)) | E60: =IF(A60="","",B60-C60-D60)
A61: =IFERROR(INDEX('Input Barang'!$B$2:$B$1000,50),"") | B61: =IF(A61="","",COUNTIF('Input Barang'!$B$2:$B$1000,A61)) | C61: =IF(A61="","",COUNTIF('Output Agus'!$B$2:$B$1000,A61)) | D61: =IF(A61="","",COUNTIF('Output Rexa'!$B$2:$B$1000,A61)) | E61: =IF(A61="","",B61-C61-D61)
A62: =IFERROR(INDEX('Input Barang'!$B$2:$B$1000,51),"") | B62: =IF(A62="","",COUNTIF('Input Barang'!$B$2:$B$1000,A62)) | C62: =IF(A62="","",COUNTIF('Output Agus'!$B$2:$B$1000,A62)) | D62: =IF(A62="","",COUNTIF('Output Rexa'!$B$2:$B$1000,A62)) | E62: =IF(A62="","",B62-C62-D62)
A63: =IFERROR(INDEX('Input Barang'!$B$2:$B$1000,52),"") | B63: =IF(A63="","",COUNTIF('Input Barang'!$B$2:$B$1000,A63)) | C63: =IF(A63="","",COUNTIF('Output Agus'!$B$2:$B$1000,A63)) | D63: =IF(A63="","",COUNTIF('Output Rexa'!$B$2:$B$1000,A63)) | E63: =IF(A63="","",B63-C63-D63)
A64: =IFERROR(INDEX('Input Barang'!$B$2:$B$1000,53),"") | B64: =IF(A64="","",COUNTIF('Input Barang'!$B$2:$B$1000,A64)) | C64: =IF(A64="","",COUNTIF('Output Agus'!$B$2:$B$1000,A64)) | D64: =IF(A64="","",COUNTIF('Output Rexa'!$B$2:$B$1000,A64)) | E64: =IF(A64="","",B64-C64-D64)
A65: =IFERROR(INDEX('Input Barang'!$B$2:$B$1000,54),"") | B65: =IF(A65="","",COUNTIF('Input Barang'!$B$2:$B$1000,A65)) | C65: =IF(A65="","",COUNTIF('Output Agus'!$B$2:$B$1000,A65)) | D65: =IF(A65="","",COUNTIF('Output Rexa'!$B$2:$B$1000,A65)) | E65: =IF(A65="","",B65-C65-D65)
A66: =IFERROR(INDEX('Input Barang'!$B$2:$B$1000,55),"") | B66: =IF(A66="","",COUNTIF('Input Barang'!$B$2:$B$1000,A66)) | C66: =IF(A66="","",COUNTIF('Output Agus'!$B$2:$B$1000,A66)) | D66: =IF(A66="","",COUNTIF('Output Rexa'!$B$2:$B$1000,A66)) | E66: =IF(A66="","",B66-C66-D66)
A67: =IFERROR(INDEX('Input Barang'!$B$2:$B$1000,56),"") | B67: =IF(A67="","",COUNTIF('Input Barang'!$B$2:$B$1000,A67)) | C67: =IF(A67="","",COUNTIF('Output Agus'!$B$2:$B$1000,A67)) | D67: =IF(A67="","",COUNTIF('Output Rexa'!$B$2:$B$1000,A67)) | E67: =IF(A67="","",B67-C67-D67)
A68: =IFERROR(INDEX('Input Barang'!$B$2:$B$1000,57),"") | B68: =IF(A68="","",COUNTIF('Input Barang'!$B$2:$B$1000,A68)) | C68: =IF(A68="","",COUNTIF('Output Agus'!$B$2:$B$1000,A68)) | D68: =IF(A68="","",COUNTIF('Output Rexa'!$B$2:$B$1000,A68)) | E68: =IF(A68="","",B68-C68-D68)
A69: =IFERROR(INDEX('Input Barang'!$B$2:$B$1000,58),"") | B69: =IF(A69="","",COUNTIF('Input Barang'!$B$2:$B$1000,A69)) | C69: =IF(A69="","",COUNTIF('Output Agus'!$B$2:$B$1000,A69)) | D69: =IF(A69="","",COUNTIF('Output Rexa'!$B$2:$B$1000,A69)) | E69: =IF(A69="","",B69-C69-D69)
A70: =IFERROR(INDEX('Input Barang'!$B$2:$B$1000,59),"") | B70: =IF(A70="","",COUNTIF('Input Barang'!$B$2:$B$1000,A70)) | C70: =IF(A70="","",COUNTIF('Output Agus'!$B$2:$B$1000,A70)) | D70: =IF(A70="","",COUNTIF('Output Rexa'!$B$2:$B$1000,A70)) | E70: =IF(A70="","",B70-C70-D70)
A71: =IFERROR(INDEX('Input Barang'!$B$2:$B$1000,60),"") | B71: =IF(A71="","",COUNTIF('Input Barang'!$B$2:$B$1000,A71)) | C71: =IF(A71="","",COUNTIF('Output Agus'!$B$2:$B$1000,A71)) | D71: =IF(A71="","",COUNTIF('Output Rexa'!$B$2:$B$1000,A71)) | E71: =IF(A71="","",B71-C71-D71)
A72: =IFERROR(INDEX('Input Barang'!$B$2:$B$1000,61),"") | B72: =IF(A72="","",COUNTIF('Input Barang'!$B$2:$B$1000,A72)) | C72: =IF(A72="","",COUNTIF('Output Agus'!$B$2:$B$1000,A72)) | D72: =IF(A72="","",COUNTIF('Output Rexa'!$B$2:$B$1000,A72)) | E72: =IF(A72="","",B72-C72-D72)
A73: =IFERROR(INDEX('Input Barang'!$B$2:$B$1000,62),"") | B73: =IF(A73="","",COUNTIF('Input Barang'!$B$2:$B$1000,A73)) | C73: =IF(A73="","",COUNTIF('Output Agus'!$B$2:$B$1000,A73)) | D73: =IF(A73="","",COUNTIF('Output Rexa'!$B$2:$B$1000,A73)) | E73: =IF(A73="","",B73-C73-D73)
A74: =IFERROR(INDEX('Input Barang'!$B$2:$B$1000,63),"") | B74: =IF(A74="","",COUNTIF('Input Barang'!$B$2:$B$1000,A74)) | C74: =IF(A74="","",COUNTIF('Output Agus'!$B$2:$B$1000,A74)) | D74: =IF(A74="","",COUNTIF('Output Rexa'!$B$2:$B$1000,A74)) | E74: =IF(A74="","",B74-C74-D74)
A75: =IFERROR(INDEX('Input Barang'!$B$2:$B$1000,64),"") | B75: =IF(A75="","",COUNTIF('Input Barang'!$B$2:$B$1000,A75)) | C75: =IF(A75="","",COUNTIF('Output Agus'!$B$2:$B$1000,A75)) | D75: =IF(A75="","",COUNTIF('Output Rexa'!$B$2:$B$1000,A75)) | E75: =IF(A75="","",B75-C75-D75)
A76: =IFERROR(INDEX('Input Barang'!$B$2:$B$1000,65),"") | B76: =IF(A76="","",COUNTIF('Input Barang'!$B$2:$B$1000,A76)) | C76: =IF(A76="","",COUNTIF('Output Agus'!$B$2:$B$1000,A76)) | D76: =IF(A76="","",COUNTIF('Output Rexa'!$B$2:$B$1000,A76)) | E76: =IF(A76="","",B76-C76-D76)
A77: =IFERROR(INDEX('Input Barang'!$B$2:$B$1000,66),"") | B77: =IF(A77="","",COUNTIF('Input Barang'!$B$2:$B$1000,A77)) | C77: =IF(A77="","",COUNTIF('Output Agus'!$B$2:$B$1000,A77)) | D77: =IF(A77="","",COUNTIF('Output Rexa'!$B$2:$B$1000,A77)) | E77: =IF(A77="","",B77-C77-D77)
A78: =IFERROR(INDEX('Input Barang'!$B$2:$B$1000,67),"") | B78: =IF(A78="","",COUNTIF('Input Barang'!$B$2:$B$1000,A78)) | C78: =IF(A78="","",COUNTIF('Output Agus'!$B$2:$B$1000,A78)) | D78: =IF(A78="","",COUNTIF('Output Rexa'!$B$2:$B$1000,A78)) | E78: =IF(A78="","",B78-C78-D78)
A79: =IFERROR(INDEX('Input Barang'!$B$2:$B$1000,68),"") | B79: =IF(A79="","",COUNTIF('Input Barang'!$B$2:$B$1000,A79)) | C79: =IF(A79="","",COUNTIF('Output Agus'!$B$2:$B$1000,A79)) | D79: =IF(A79="","",COUNTIF('Output Rexa'!$B$2:$B$1000,A79)) | E79: =IF(A79="","",B79-C79-D79)
A80: =IFERROR(INDEX('Input Barang'!$B$2:$B$1000,69),"") | B80: =IF(A80="","",COUNTIF('Input Barang'!$B$2:$B$1000,A80)) | C80: =IF(A80="","",COUNTIF('Output Agus'!$B$2:$B$1000,A80)) | D80: =IF(A80="","",COUNTIF('Output Rexa'!$B$2:$B$1000,A80)) | E80: =IF(A80="","",B80-C80-D80)
A81: =IFERROR(INDEX('Input Barang'!$B$2:$B$1000,70),"") | B81: =IF(A81="","",COUNTIF('Input Barang'!$B$2:$B$1000,A81)) | C81: =IF(A81="","",COUNTIF('Output Agus'!$B$2:$B$1000,A81)) | D81: =IF(A81="","",COUNTIF('Output Rexa'!$B$2:$B$1000,A81)) | E81: =IF(A81="","",B81-C81-D81)
A82: =IFERROR(INDEX('Input Barang'!$B$2:$B$1000,71),"") | B82: =IF(A82="","",COUNTIF('Input Barang'!$B$2:$B$1000,A82)) | C82: =IF(A82="","",COUNTIF('Output Agus'!$B$2:$B$1000,A82)) | D82: =IF(A82="","",COUNTIF('Output Rexa'!$B$2:$B$1000,A82)) | E82: =IF(A82="","",B82-C82-D82)
A83: =IFERROR(INDEX('Input Barang'!$B$2:$B$1000,72),"") | B83: =IF(A83="","",COUNTIF('Input Barang'!$B$2:$B$1000,A83)) | C83: =IF(A83="","",COUNTIF('Output Agus'!$B$2:$B$1000,A83)) | D83: =IF(A83="","",COUNTIF('Output Rexa'!$B$2:$B$1000,A83)) | E83: =IF(A83="","",B83-C83-D83)
A84: =IFERROR(INDEX('Input Barang'!$B$2:$B$1000,73),"") | B84: =IF(A84="","",COUNTIF('Input Barang'!$B$2:$B$1000,A84)) | C84: =IF(A84="","",COUNTIF('Output Agus'!$B$2:$B$1000,A84)) | D84: =IF(A84="","",COUNTIF('Output Rexa'!$B$2:$B$1000,A84)) | E84: =IF(A84="","",B84-C84-D84)
A85: =IFERROR(INDEX('Input Barang'!$B$2:$B$1000,74),"") | B85: =IF(A85="","",COUNTIF('Input Barang'!$B$2:$B$1000,A85)) | C85: =IF(A85="","",COUNTIF('Output Agus'!$B$2:$B$1000,A85)) | D85: =IF(A85="","",COUNTIF('Output Rexa'!$B$2:$B$1000,A85)) | E85: =IF(A85="","",B85-C85-D85)
A86: =IFERROR(INDEX('Input Barang'!$B$2:$B$1000,75),"") | B86: =IF(A86="","",COUNTIF('Input Barang'!$B$2:$B$1000,A86)) | C86: =IF(A86="","",COUNTIF('Output Agus'!$B$2:$B$1000,A86)) | D86: =IF(A86="","",COUNTIF('Output Rexa'!$B$2:$B$1000,A86)) | E86: =IF(A86="","",B86-C86-D86)
A87: =IFERROR(INDEX('Input Barang'!$B$2:$B$1000,76),"") | B87: =IF(A87="","",COUNTIF('Input Barang'!$B$2:$B$1000,A87)) | C87: =IF(A87="","",COUNTIF('Output Agus'!$B$2:$B$1000,A87)) | D87: =IF(A87="","",COUNTIF('Output Rexa'!$B$2:$B$1000,A87)) | E87: =IF(A87="","",B87-C87-D87)
A88: =IFERROR(INDEX('Input Barang'!$B$2:$B$1000,77),"") | B88: =IF(A88="","",COUNTIF('Input Barang'!$B$2:$B$1000,A88)) | C88: =IF(A88="","",COUNTIF('Output Agus'!$B$2:$B$1000,A88)) | D88: =IF(A88="","",COUNTIF('Output Rexa'!$B$2:$B$1000,A88)) | E88: =IF(A88="","",B88-C88-D88)
A89: =IFERROR(INDEX('Input Barang'!$B$2:$B$1000,78),"") | B89: =IF(A89="","",COUNTIF('Input Barang'!$B$2:$B$1000,A89)) | C89: =IF(A89="","",COUNTIF('Output Agus'!$B$2:$B$1000,A89)) | D89: =IF(A89="","",COUNTIF('Output Rexa'!$B$2:$B$1000,A89)) | E89: =IF(A89="","",B89-C89-D89)
A90: =IFERROR(INDEX('Input Barang'!$B$2:$B$1000,79),"") | B90: =IF(A90="","",COUNTIF('Input Barang'!$B$2:$B$1000,A90)) | C90: =IF(A90="","",COUNTIF('Output Agus'!$B$2:$B$1000,A90)) | D90: =IF(A90="","",COUNTIF('Output Rexa'!$B$2:$B$1000,A90)) | E90: =IF(A90="","",B90-C90-D90)
A91: =IFERROR(INDEX('Input Barang'!$B$2:$B$1000,80),"") | B91: =IF(A91="","",COUNTIF('Input Barang'!$B$2:$B$1000,A91)) | C91: =IF(A91="","",COUNTIF('Output Agus'!$B$2:$B$1000,A91)) | D91: =IF(A91="","",COUNTIF('Output Rexa'!$B$2:$B$1000,A91)) | E91: =IF(A91="","",B91-C91-D91)
A92: =IFERROR(INDEX('Input Barang'!$B$2:$B$1000,81),"") | B92: =IF(A92="","",COUNTIF('Input Barang'!$B$2:$B$1000,A92)) | C92: =IF(A92="","",COUNTIF('Output Agus'!$B$2:$B$1000,A92)) | D92: =IF(A92="","",COUNTIF('Output Rexa'!$B$2:$B$1000,A92)) | E92: =IF(A92="","",B92-C92-D92)
A93: =IFERROR(INDEX('Input Barang'!$B$2:$B$1000,82),"") | B93: =IF(A93="","",COUNTIF('Input Barang'!$B$2:$B$1000,A93)) | C93: =IF(A93="","",COUNTIF('Output Agus'!$B$2:$B$1000,A93)) | D93: =IF(A93="","",COUNTIF('Output Rexa'!$B$2:$B$1000,A93)) | E93: =IF(A93="","",B93-C93-D93)
A94: =IFERROR(INDEX('Input Barang'!$B$2:$B$1000,83),"") | B94: =IF(A94="","",COUNTIF('Input Barang'!$B$2:$B$1000,A94)) | C94: =IF(A94="","",COUNTIF('Output Agus'!$B$2:$B$1000,A94)) | D94: =IF(A94="","",COUNTIF('Output Rexa'!$B$2:$B$1000,A94)) | E94: =IF(A94="","",B94-C94-D94)
A95: =IFERROR(INDEX('Input Barang'!$B$2:$B$1000,84),"") | B95: =IF(A95="","",COUNTIF('Input Barang'!$B$2:$B$1000,A95)) | C95: =IF(A95="","",COUNTIF('Output Agus'!$B$2:$B$1000,A95)) | D95: =IF(A95="","",COUNTIF('Output Rexa'!$B$2:$B$1000,A95)) | E95: =IF(A95="","",B95-C95-D95)
A96: =IFERROR(INDEX('Input Barang'!$B$2:$B$1000,85),"") | B96: =IF(A96="","",COUNTIF('Input Barang'!$B$2:$B$1000,A96)) | C96: =IF(A96="","",COUNTIF('Output Agus'!$B$2:$B$1000,A96)) | D96: =IF(A96="","",COUNTIF('Output Rexa'!$B$2:$B$1000,A96)) | E96: =IF(A96="","",B96-C96-D96)
A97: =IFERROR(INDEX('Input Barang'!$B$2:$B$1000,86),"") | B97: =IF(A97="","",COUNTIF('Input Barang'!$B$2:$B$1000,A97)) | C97: =IF(A97="","",COUNTIF('Output Agus'!$B$2:$B$1000,A97)) | D97: =IF(A97="","",COUNTIF('Output Rexa'!$B$2:$B$1000,A97)) | E97: =IF(A97="","",B97-C97-D97)
A98: =IFERROR(INDEX('Input Barang'!$B$2:$B$1000,87),"") | B98: =IF(A98="","",COUNTIF('Input Barang'!$B$2:$B$1000,A98)) | C98: =IF(A98="","",COUNTIF('Output Agus'!$B$2:$B$1000,A98)) | D98: =IF(A98="","",COUNTIF('Output Rexa'!$B$2:$B$1000,A98)) | E98: =IF(A98="","",B98-C98-D98)
A99: =IFERROR(INDEX('Input Barang'!$B$2:$B$1000,88),"") | B99: =IF(A99="","",COUNTIF('Input Barang'!$B$2:$B$1000,A99)) | C99: =IF(A99="","",COUNTIF('Output Agus'!$B$2:$B$1000,A99)) | D99: =IF(A99="","",COUNTIF('Output Rexa'!$B$2:$B$1000,A99)) | E99: =IF(A99="","",B99-C99-D99)
A100: =IFERROR(INDEX('Input Barang'!$B$2:$B$1000,89),"") | B100: =IF(A100="","",COUNTIF('Input Barang'!$B$2:$B$1000,A100)) | C100: =IF(A100="","",COUNTIF('Output Agus'!$B$2:$B$1000,A100)) | D100: =IF(A100="","",COUNTIF('Output Rexa'!$B$2:$B$1000,A100)) | E100: =IF(A100="","",B100-C100-D100)
A101: =IFERROR(INDEX('Input Barang'!$B$2:$B$1000,90),"") | B101: =IF(A101="","",COUNTIF('Input Barang'!$B$2:$B$1000,A101)) | C101: =IF(A101="","",COUNTIF('Output Agus'!$B$2:$B$1000,A101)) | D101: =IF(A101="","",COUNTIF('Output Rexa'!$B$2:$B$1000,A101)) | E101: =IF(A101="","",B101-C101-D101)
A102: =IFERROR(INDEX('Input Barang'!$B$2:$B$1000,91),"") | B102: =IF(A102="","",COUNTIF('Input Barang'!$B$2:$B$1000,A102)) | C102: =IF(A102="","",COUNTIF('Output Agus'!$B$2:$B$1000,A102)) | D102: =IF(A102="","",COUNTIF('Output Rexa'!$B$2:$B$1000,A102)) | E102: =IF(A102="","",B102-C102-D102)
...
